instant,dteday,season,yr,mnth,holiday,weekday,workingday,weathersit,temp,atemp,hum,windspeed,cnt,cluster
1,734138,1,0,1,0,6,0,2,0.344167,0.363625,0.805833,0.160446,985,low
2,734139,1,0,1,0,0,0,2,0.363478,0.353739,0.696087,0.248539,801,low
3,734140,1,0,1,0,1,1,1,0.196364,0.189405,0.437273,0.248309,1349,low
4,734141,1,0,1,0,2,1,1,0.2,0.212122,0.590435,0.160296,1562,low
5,734142,1,0,1,0,3,1,1,0.226957,0.22927,0.436957,0.1869,1600,low
6,734143,1,0,1,0,4,1,1,0.204348,0.23320900000000006,0.518261,0.0895652,1606,low
7,734144,1,0,1,0,5,1,2,0.196522,0.208839,0.498696,0.168726,1510,low
8,734145,1,0,1,0,6,0,2,0.165,0.162254,0.535833,0.266804,959,low
9,734146,1,0,1,0,0,0,1,0.13833299999999998,0.116175,0.434167,0.36195,822,low
10,734147,1,0,1,0,1,1,1,0.150833,0.15088800000000002,0.482917,0.223267,1321,low
11,734148,1,0,1,0,2,1,2,0.16909100000000002,0.191464,0.6863640000000001,0.122132,1263,low
12,734149,1,0,1,0,3,1,1,0.172727,0.160473,0.599545,0.304627,1162,low
13,734150,1,0,1,0,4,1,1,0.165,0.150883,0.470417,0.301,1406,low
14,734151,1,0,1,0,5,1,1,0.16087,0.188413,0.537826,0.126548,1421,low
15,734152,1,0,1,0,6,0,2,0.233333,0.248112,0.49875,0.15796300000000002,1248,low
16,734153,1,0,1,0,0,0,1,0.231667,0.234217,0.48375,0.188433,1204,low
17,734154,1,0,1,1,1,0,2,0.175833,0.176771,0.5375,0.194017,1000,low
18,734155,1,0,1,0,2,1,2,0.216667,0.232333,0.861667,0.146775,683,low
19,734156,1,0,1,0,3,1,2,0.292174,0.298422,0.741739,0.208317,1650,low
20,734157,1,0,1,0,4,1,2,0.261667,0.25505,0.538333,0.195904,1927,low
21,734158,1,0,1,0,5,1,1,0.1775,0.157833,0.457083,0.353242,1543,low
22,734159,1,0,1,0,6,0,1,0.0591304,0.0790696,0.4,0.17197,981,low
23,734160,1,0,1,0,0,0,1,0.0965217,0.0988391,0.436522,0.2466,986,low
24,734161,1,0,1,0,1,1,1,0.0973913,0.11793,0.491739,0.15833,1416,low
25,734162,1,0,1,0,2,1,2,0.223478,0.234526,0.616957,0.129796,1985,low
26,734163,1,0,1,0,3,1,3,0.2175,0.2036,0.8625,0.29385,506,low
27,734164,1,0,1,0,4,1,1,0.195,0.2197,0.6875,0.113837,431,low
28,734165,1,0,1,0,5,1,2,0.203478,0.223317,0.793043,0.1233,1167,low
29,734166,1,0,1,0,6,0,1,0.196522,0.212126,0.6517390000000001,0.14536500000000002,1098,low
30,734167,1,0,1,0,0,0,1,0.216522,0.250322,0.722174,0.0739826,1096,low
31,734168,1,0,1,0,1,1,2,0.180833,0.18625,0.60375,0.187192,1501,low
32,734169,1,0,2,0,2,1,2,0.192174,0.23453,0.829565,0.053213,1360,low
33,734170,1,0,2,0,3,1,2,0.26,0.254417,0.775417,0.264308,1526,low
34,734171,1,0,2,0,4,1,1,0.186957,0.177878,0.4378260000000001,0.277752,1550,low
35,734172,1,0,2,0,5,1,2,0.211304,0.228587,0.585217,0.127839,1708,low
36,734173,1,0,2,0,6,0,2,0.233333,0.243058,0.929167,0.161079,1005,low
37,734174,1,0,2,0,0,0,1,0.285833,0.291671,0.568333,0.1418,1623,low
38,734175,1,0,2,0,1,1,1,0.271667,0.303658,0.738333,0.045408300000000006,1712,low
39,734176,1,0,2,0,2,1,1,0.220833,0.198246,0.537917,0.36195,1530,low
40,734177,1,0,2,0,3,1,2,0.134783,0.144283,0.494783,0.188839,1605,low
41,734178,1,0,2,0,4,1,1,0.144348,0.149548,0.437391,0.221935,1538,low
42,734179,1,0,2,0,5,1,1,0.189091,0.213509,0.506364,0.10855,1746,low
43,734180,1,0,2,0,6,0,1,0.2225,0.232954,0.544167,0.203367,1472,low
44,734181,1,0,2,0,0,0,1,0.316522,0.324113,0.457391,0.260883,1589,low
45,734182,1,0,2,0,1,1,1,0.415,0.39835,0.375833,0.417908,1913,low
46,734183,1,0,2,0,2,1,1,0.266087,0.254274,0.314348,0.291374,1815,low
47,734184,1,0,2,0,3,1,1,0.318261,0.3162,0.423478,0.251791,2115,low
48,734185,1,0,2,0,4,1,1,0.435833,0.428658,0.505,0.230104,2475,low
49,734186,1,0,2,0,5,1,1,0.521667,0.511983,0.516667,0.264925,2927,mid
50,734187,1,0,2,0,6,0,1,0.399167,0.391404,0.187917,0.507463,1635,low
51,734188,1,0,2,0,0,0,1,0.285217,0.27733,0.407826,0.223235,1812,low
52,734189,1,0,2,1,1,0,2,0.303333,0.284075,0.605,0.307846,1107,low
53,734190,1,0,2,0,2,1,1,0.182222,0.186033,0.577778,0.195683,1450,low
54,734191,1,0,2,0,3,1,1,0.221739,0.245717,0.423043,0.094113,1917,low
55,734192,1,0,2,0,4,1,2,0.295652,0.289191,0.697391,0.250496,1807,low
56,734193,1,0,2,0,5,1,2,0.364348,0.350461,0.712174,0.346539,1461,low
57,734194,1,0,2,0,6,0,1,0.2825,0.282192,0.537917,0.186571,1969,low
58,734195,1,0,2,0,0,0,1,0.343478,0.351109,0.68,0.125248,2402,low
59,734196,1,0,2,0,1,1,2,0.407273,0.400118,0.8763639999999999,0.289686,1446,low
60,734197,1,0,3,0,2,1,1,0.266667,0.263879,0.535,0.216425,1851,low
61,734198,1,0,3,0,3,1,1,0.335,0.320071,0.449583,0.307833,2134,low
62,734199,1,0,3,0,4,1,1,0.198333,0.200133,0.318333,0.225754,1685,low
63,734200,1,0,3,0,5,1,2,0.261667,0.255679,0.610417,0.203346,1944,low
64,734201,1,0,3,0,6,0,2,0.384167,0.378779,0.789167,0.251871,2077,low
65,734202,1,0,3,0,0,0,2,0.376522,0.366252,0.948261,0.343287,605,low
66,734203,1,0,3,0,1,1,1,0.261739,0.238461,0.551304,0.341352,1872,low
67,734204,1,0,3,0,2,1,1,0.2925,0.3024,0.420833,0.12065,2133,low
68,734205,1,0,3,0,3,1,2,0.295833,0.286608,0.775417,0.22015,1891,low
69,734206,1,0,3,0,4,1,3,0.389091,0.385668,0.0,0.261877,623,low
70,734207,1,0,3,0,5,1,2,0.316522,0.305,0.649565,0.23297,1977,low
71,734208,1,0,3,0,6,0,1,0.329167,0.32575,0.594583,0.220775,2132,low
72,734209,1,0,3,0,0,0,1,0.384348,0.380091,0.5273909999999999,0.270604,2417,low
73,734210,1,0,3,0,1,1,1,0.32521700000000003,0.332,0.496957,0.136926,2046,low
74,734211,1,0,3,0,2,1,2,0.317391,0.318178,0.655652,0.184309,2056,low
75,734212,1,0,3,0,3,1,2,0.365217,0.36693,0.776522,0.203117,2192,low
76,734213,1,0,3,0,4,1,1,0.415,0.410333,0.602917,0.209579,2744,mid
77,734214,1,0,3,0,5,1,1,0.54,0.5270090000000001,0.525217,0.231017,3239,mid
78,734215,1,0,3,0,6,0,1,0.4725,0.466525,0.379167,0.368167,3117,mid
79,734216,1,0,3,0,0,0,1,0.3325,0.32575,0.47375,0.207721,2471,low
80,734217,2,0,3,0,1,1,2,0.430435,0.409735,0.737391,0.288783,2077,low
81,734218,2,0,3,0,2,1,1,0.441667,0.440642,0.624583,0.22575,2703,low
82,734219,2,0,3,0,3,1,2,0.346957,0.337939,0.839565,0.234261,2121,low
83,734220,2,0,3,0,4,1,2,0.285,0.270833,0.805833,0.243787,1865,low
84,734221,2,0,3,0,5,1,1,0.264167,0.256312,0.495,0.230725,2210,low
85,734222,2,0,3,0,6,0,1,0.265833,0.257571,0.394167,0.209571,2496,low
86,734223,2,0,3,0,0,0,2,0.253043,0.250339,0.493913,0.1843,1693,low
87,734224,2,0,3,0,1,1,1,0.264348,0.257574,0.302174,0.212204,2028,low
88,734225,2,0,3,0,2,1,1,0.3025,0.292908,0.31416700000000003,0.226996,2425,low
89,734226,2,0,3,0,3,1,2,0.3,0.29735,0.646667,0.172888,1536,low
90,734227,2,0,3,0,4,1,3,0.268333,0.257575,0.918333,0.217646,1685,low
91,734228,2,0,4,0,5,1,2,0.3,0.283454,0.68625,0.258708,2227,low
92,734229,2,0,4,0,6,0,2,0.315,0.315637,0.65375,0.197146,2252,low
93,734230,2,0,4,0,0,0,1,0.378333,0.378767,0.48,0.182213,3249,mid
94,734231,2,0,4,0,1,1,1,0.573333,0.542929,0.42625,0.385571,3115,mid
95,734232,2,0,4,0,2,1,2,0.414167,0.39835,0.642083,0.388067,1795,low
96,734233,2,0,4,0,3,1,1,0.390833,0.387608,0.470833,0.263063,2808,mid
97,734234,2,0,4,0,4,1,1,0.4375,0.433696,0.602917,0.16231199999999998,3141,mid
98,734235,2,0,4,0,5,1,2,0.335833,0.324479,0.83625,0.226992,1471,low
99,734236,2,0,4,0,6,0,2,0.3425,0.341529,0.8775,0.13308299999999998,2455,low
100,734237,2,0,4,0,0,0,2,0.426667,0.426737,0.8575,0.146767,2895,mid
101,734238,2,0,4,0,1,1,2,0.5956520000000001,0.565217,0.716956,0.324474,3348,mid
102,734239,2,0,4,0,2,1,2,0.5025,0.493054,0.739167,0.274879,2034,low
103,734240,2,0,4,0,3,1,2,0.4125,0.417283,0.819167,0.25061700000000003,2162,low
104,734241,2,0,4,0,4,1,1,0.4675,0.462742,0.540417,0.1107,3267,mid
105,734242,2,0,4,1,5,0,1,0.446667,0.441913,0.67125,0.226375,3126,mid
106,734243,2,0,4,0,6,0,3,0.430833,0.425492,0.888333,0.340808,795,low
107,734244,2,0,4,0,0,0,1,0.456667,0.445696,0.479583,0.303496,3744,mid
108,734245,2,0,4,0,1,1,1,0.5125,0.503146,0.5425,0.16356700000000002,3429,mid
109,734246,2,0,4,0,2,1,2,0.505833,0.489258,0.665833,0.157971,3204,mid
110,734247,2,0,4,0,3,1,1,0.595,0.564392,0.614167,0.241925,3944,mid
111,734248,2,0,4,0,4,1,1,0.459167,0.453892,0.407083,0.325258,4189,mid
112,734249,2,0,4,0,5,1,2,0.336667,0.321954,0.729583,0.219521,1683,low
113,734250,2,0,4,0,6,0,2,0.46,0.450121,0.887917,0.230725,4036,mid
114,734251,2,0,4,0,0,0,2,0.581667,0.551763,0.810833,0.192175,4191,mid
115,734252,2,0,4,0,1,1,1,0.606667,0.5745,0.776667,0.185333,4073,mid
116,734253,2,0,4,0,2,1,1,0.631667,0.594083,0.729167,0.3265,4400,mid
117,734254,2,0,4,0,3,1,2,0.62,0.575142,0.835417,0.3122,3872,mid
118,734255,2,0,4,0,4,1,2,0.6175,0.578929,0.700833,0.320908,4058,mid
119,734256,2,0,4,0,5,1,1,0.51,0.497463,0.457083,0.240063,4595,good
120,734257,2,0,4,0,6,0,1,0.4725,0.464021,0.503333,0.235075,5312,good
121,734258,2,0,5,0,0,0,2,0.451667,0.448204,0.762083,0.106354,3351,mid
122,734259,2,0,5,0,1,1,2,0.549167,0.532833,0.73,0.183454,4401,mid
123,734260,2,0,5,0,2,1,2,0.616667,0.582079,0.697083,0.342667,4451,good
124,734261,2,0,5,0,3,1,2,0.414167,0.40465,0.737083,0.328996,2633,low
125,734262,2,0,5,0,4,1,1,0.459167,0.441917,0.444167,0.295392,4433,good
126,734263,2,0,5,0,5,1,1,0.479167,0.474117,0.59,0.228246,4608,good
127,734264,2,0,5,0,6,0,1,0.52,0.512621,0.54125,0.16045,4714,good
128,734265,2,0,5,0,0,0,1,0.5283329999999999,0.518933,0.631667,0.0746375,4333,mid
129,734266,2,0,5,0,1,1,1,0.5325,0.525246,0.58875,0.17600000000000002,4362,mid
130,734267,2,0,5,0,2,1,1,0.5325,0.522721,0.489167,0.115671,4803,good
131,734268,2,0,5,0,3,1,1,0.5425,0.5284,0.632917,0.120642,4182,mid
132,734269,2,0,5,0,4,1,1,0.535,0.523363,0.7475,0.189667,4864,good
133,734270,2,0,5,0,5,1,2,0.5125,0.4943,0.863333,0.179725,4105,mid
134,734271,2,0,5,0,6,0,2,0.520833,0.500629,0.9225,0.13495,3409,mid
135,734272,2,0,5,0,0,0,2,0.5625,0.536,0.867083,0.152979,4553,good
136,734273,2,0,5,0,1,1,1,0.5775,0.550512,0.787917,0.126871,3958,mid
137,734274,2,0,5,0,2,1,2,0.561667,0.538529,0.837917,0.277354,4123,mid
138,734275,2,0,5,0,3,1,2,0.55,0.527158,0.87,0.201492,3855,mid
139,734276,2,0,5,0,4,1,2,0.530833,0.510742,0.829583,0.10821300000000003,4575,good
140,734277,2,0,5,0,5,1,1,0.536667,0.529042,0.719583,0.125013,4917,good
141,734278,2,0,5,0,6,0,1,0.6025,0.571975,0.626667,0.12065,5805,good
142,734279,2,0,5,0,0,0,1,0.604167,0.5745,0.749583,0.148008,4660,good
143,734280,2,0,5,0,1,1,2,0.631667,0.590296,0.81,0.233842,4274,mid
144,734281,2,0,5,0,2,1,2,0.66,0.604813,0.740833,0.207092,4492,good
145,734282,2,0,5,0,3,1,1,0.660833,0.615542,0.69625,0.15423299999999998,4978,good
146,734283,2,0,5,0,4,1,1,0.708333,0.654688,0.6775,0.199642,4677,good
147,734284,2,0,5,0,5,1,1,0.681667,0.637008,0.65375,0.240679,4679,good
148,734285,2,0,5,0,6,0,1,0.655833,0.612379,0.729583,0.230092,4758,good
149,734286,2,0,5,0,0,0,1,0.6675,0.61555,0.81875,0.213938,4788,good
150,734287,2,0,5,1,1,0,1,0.733333,0.671092,0.685,0.131225,4098,mid
151,734288,2,0,5,0,2,1,1,0.775,0.725383,0.636667,0.111329,3982,mid
152,734289,2,0,6,0,3,1,2,0.764167,0.720967,0.677083,0.207092,3974,mid
153,734290,2,0,6,0,4,1,1,0.715,0.643942,0.305,0.292287,4968,good
154,734291,2,0,6,0,5,1,1,0.62,0.587133,0.354167,0.253121,5312,good
155,734292,2,0,6,0,6,0,1,0.635,0.594696,0.45625,0.123142,5342,good
156,734293,2,0,6,0,0,0,2,0.648333,0.616804,0.6525,0.138692,4906,good
157,734294,2,0,6,0,1,1,1,0.678333,0.621858,0.6,0.121896,4548,good
158,734295,2,0,6,0,2,1,1,0.7075,0.65595,0.597917,0.187808,4833,good
159,734296,2,0,6,0,3,1,1,0.775833,0.727279,0.6220829999999999,0.136817,4401,mid
160,734297,2,0,6,0,4,1,2,0.808333,0.757579,0.568333,0.149883,3915,mid
161,734298,2,0,6,0,5,1,1,0.755,0.703292,0.605,0.14055399999999998,4586,good
162,734299,2,0,6,0,6,0,1,0.725,0.678038,0.654583,0.15485,4966,good
163,734300,2,0,6,0,0,0,1,0.6925,0.643325,0.747917,0.16356700000000002,4460,good
164,734301,2,0,6,0,1,1,1,0.635,0.601654,0.494583,0.30535,5020,good
165,734302,2,0,6,0,2,1,1,0.604167,0.591546,0.507083,0.269283,4891,good
166,734303,2,0,6,0,3,1,1,0.626667,0.587754,0.471667,0.16791199999999998,5180,good
167,734304,2,0,6,0,4,1,2,0.628333,0.595346,0.688333,0.206471,3767,mid
168,734305,2,0,6,0,5,1,1,0.649167,0.600383,0.735833,0.143029,4844,good
169,734306,2,0,6,0,6,0,1,0.696667,0.643954,0.670417,0.119408,5119,good
170,734307,2,0,6,0,0,0,2,0.699167,0.645846,0.666667,0.102,4744,good
171,734308,2,0,6,0,1,1,2,0.635,0.595346,0.74625,0.155475,4010,mid
172,734309,3,0,6,0,2,1,2,0.680833,0.637646,0.770417,0.171025,4835,good
173,734310,3,0,6,0,3,1,1,0.733333,0.693829,0.7075,0.172262,4507,good
174,734311,3,0,6,0,4,1,2,0.728333,0.693833,0.703333,0.238804,4790,good
175,734312,3,0,6,0,5,1,1,0.724167,0.656583,0.573333,0.222025,4991,good
176,734313,3,0,6,0,6,0,1,0.695,0.643313,0.483333,0.209571,5202,good
177,734314,3,0,6,0,0,0,1,0.68,0.637629,0.513333,0.0945333,5305,good
178,734315,3,0,6,0,1,1,2,0.6825,0.637004,0.658333,0.10758800000000003,4708,good
179,734316,3,0,6,0,2,1,1,0.744167,0.692558,0.634167,0.144283,4648,good
180,734317,3,0,6,0,3,1,1,0.728333,0.654688,0.497917,0.261821,5225,good
181,734318,3,0,6,0,4,1,1,0.696667,0.637008,0.434167,0.185312,5515,good
182,734319,3,0,7,0,5,1,1,0.7225,0.652162,0.39625,0.102608,5362,good
183,734320,3,0,7,0,6,0,1,0.738333,0.667308,0.444583,0.11506199999999997,5119,good
184,734321,3,0,7,0,0,0,2,0.716667,0.668575,0.6825,0.228858,4649,good
185,734322,3,0,7,1,1,0,2,0.726667,0.665417,0.637917,0.08147919999999999,6043,good
186,734323,3,0,7,0,2,1,1,0.746667,0.696338,0.590417,0.12625799999999998,4665,good
187,734324,3,0,7,0,3,1,1,0.72,0.685633,0.743333,0.149883,4629,good
188,734325,3,0,7,0,4,1,1,0.75,0.686871,0.65125,0.1592,4592,good
189,734326,3,0,7,0,5,1,2,0.709167,0.6704829999999999,0.757917,0.225129,4040,mid
190,734327,3,0,7,0,6,0,1,0.733333,0.664158,0.609167,0.16791199999999998,5336,good
191,734328,3,0,7,0,0,0,1,0.7475,0.690025,0.578333,0.183471,4881,good
192,734329,3,0,7,0,1,1,1,0.7625,0.729804,0.635833,0.282337,4086,mid
193,734330,3,0,7,0,2,1,1,0.794167,0.739275,0.559167,0.200254,4258,mid
194,734331,3,0,7,0,3,1,1,0.746667,0.689404,0.631667,0.146133,4342,mid
195,734332,3,0,7,0,4,1,1,0.680833,0.635104,0.47625,0.240667,5084,good
196,734333,3,0,7,0,5,1,1,0.663333,0.624371,0.59125,0.182833,5538,good
197,734334,3,0,7,0,6,0,1,0.686667,0.638263,0.585,0.208342,5923,good
198,734335,3,0,7,0,0,0,1,0.719167,0.669833,0.604167,0.245033,5302,good
199,734336,3,0,7,0,1,1,1,0.746667,0.703925,0.65125,0.215804,4458,good
200,734337,3,0,7,0,2,1,1,0.776667,0.747479,0.650417,0.1306,4541,good
201,734338,3,0,7,0,3,1,1,0.768333,0.74685,0.707083,0.113817,4332,mid
202,734339,3,0,7,0,4,1,2,0.815,0.826371,0.69125,0.222021,3784,mid
203,734340,3,0,7,0,5,1,1,0.848333,0.8408959999999999,0.580417,0.1331,3387,mid
204,734341,3,0,7,0,6,0,1,0.849167,0.804287,0.5,0.131221,3285,mid
205,734342,3,0,7,0,0,0,1,0.83,0.794829,0.550833,0.16917100000000002,3606,mid
206,734343,3,0,7,0,1,1,1,0.743333,0.720958,0.757083,0.0908083,3840,mid
207,734344,3,0,7,0,2,1,1,0.771667,0.696979,0.540833,0.200258,4590,good
208,734345,3,0,7,0,3,1,1,0.775,0.690667,0.402917,0.183463,4656,good
209,734346,3,0,7,0,4,1,1,0.779167,0.7399,0.583333,0.178479,4390,mid
210,734347,3,0,7,0,5,1,1,0.838333,0.785967,0.5425,0.174138,3846,mid
211,734348,3,0,7,0,6,0,1,0.804167,0.728537,0.465833,0.168537,4475,good
212,734349,3,0,7,0,0,0,1,0.805833,0.729796,0.480833,0.16481300000000002,4302,mid
213,734350,3,0,8,0,1,1,1,0.771667,0.703292,0.550833,0.156717,4266,mid
214,734351,3,0,8,0,2,1,1,0.783333,0.707071,0.49125,0.20585,4845,good
215,734352,3,0,8,0,3,1,2,0.731667,0.679937,0.6575,0.13558299999999998,3574,mid
216,734353,3,0,8,0,4,1,2,0.71,0.664788,0.7575,0.19715,4576,good
217,734354,3,0,8,0,5,1,1,0.710833,0.656567,0.630833,0.184696,4866,good
218,734355,3,0,8,0,6,0,2,0.716667,0.676154,0.755,0.22825,4294,mid
219,734356,3,0,8,0,0,0,1,0.7425,0.715292,0.7529170000000001,0.201487,3785,mid
220,734357,3,0,8,0,1,1,1,0.765,0.703283,0.592083,0.192175,4326,mid
221,734358,3,0,8,0,2,1,1,0.775,0.724121,0.570417,0.151121,4602,good
222,734359,3,0,8,0,3,1,1,0.766667,0.684983,0.424167,0.200258,4780,good
223,734360,3,0,8,0,4,1,1,0.7175,0.651521,0.42375,0.164796,4792,good
224,734361,3,0,8,0,5,1,1,0.708333,0.654042,0.415,0.125621,4905,good
225,734362,3,0,8,0,6,0,2,0.685833,0.645858,0.729583,0.211454,4150,mid
226,734363,3,0,8,0,0,0,2,0.676667,0.624388,0.8175,0.222633,3820,mid
227,734364,3,0,8,0,1,1,1,0.665833,0.616167,0.712083,0.208954,4338,mid
228,734365,3,0,8,0,2,1,1,0.700833,0.645837,0.578333,0.236329,4725,good
229,734366,3,0,8,0,3,1,1,0.723333,0.666671,0.575417,0.14366700000000002,4694,good
230,734367,3,0,8,0,4,1,1,0.711667,0.662258,0.654583,0.233208,3805,mid
231,734368,3,0,8,0,5,1,2,0.685,0.633221,0.722917,0.139308,4153,mid
232,734369,3,0,8,0,6,0,1,0.6975,0.648996,0.674167,0.104467,5191,good
233,734370,3,0,8,0,0,0,1,0.710833,0.675525,0.77,0.248754,3873,mid
234,734371,3,0,8,0,1,1,1,0.691667,0.638254,0.47,0.27675,4758,good
235,734372,3,0,8,0,2,1,1,0.640833,0.606067,0.455417,0.146763,5895,good
236,734373,3,0,8,0,3,1,1,0.673333,0.630692,0.605,0.253108,5130,good
237,734374,3,0,8,0,4,1,2,0.684167,0.645854,0.771667,0.210833,3542,mid
238,734375,3,0,8,0,5,1,1,0.7,0.659733,0.76125,0.0839625,4661,good
239,734376,3,0,8,0,6,0,2,0.68,0.635556,0.85,0.375617,1115,low
240,734377,3,0,8,0,0,0,1,0.707059,0.6479590000000001,0.561765,0.304659,4334,mid
241,734378,3,0,8,0,1,1,1,0.636667,0.607958,0.554583,0.159825,4634,good
242,734379,3,0,8,0,2,1,1,0.639167,0.594704,0.548333,0.12500799999999998,5204,good
243,734380,3,0,8,0,3,1,1,0.656667,0.611121,0.597917,0.08333330000000001,5058,good
244,734381,3,0,9,0,4,1,1,0.655,0.614921,0.639167,0.141796,5115,good
245,734382,3,0,9,0,5,1,2,0.643333,0.604808,0.727083,0.139929,4727,good
246,734383,3,0,9,0,6,0,1,0.669167,0.633213,0.716667,0.185325,4484,good
247,734384,3,0,9,0,0,0,1,0.709167,0.665429,0.742083,0.206467,4940,good
248,734385,3,0,9,1,1,0,2,0.673333,0.625646,0.790417,0.212696,3351,mid
249,734386,3,0,9,0,2,1,3,0.54,0.5152,0.886957,0.343943,2710,low
250,734387,3,0,9,0,3,1,3,0.599167,0.544229,0.917083,0.0970208,1996,low
251,734388,3,0,9,0,4,1,3,0.6339130000000001,0.555361,0.939565,0.192748,1842,low
252,734389,3,0,9,0,5,1,2,0.65,0.578946,0.897917,0.124379,3544,mid
253,734390,3,0,9,0,6,0,1,0.66,0.607962,0.75375,0.153608,5345,good
254,734391,3,0,9,0,0,0,1,0.6533329999999999,0.609229,0.71375,0.115054,5046,good
255,734392,3,0,9,0,1,1,1,0.6443479999999999,0.60213,0.692174,0.088913,4713,good
256,734393,3,0,9,0,2,1,1,0.650833,0.603554,0.7125,0.141804,4763,good
257,734394,3,0,9,0,3,1,1,0.673333,0.6269,0.697083,0.1673,4785,good
258,734395,3,0,9,0,4,1,2,0.5775,0.553671,0.709167,0.271146,3659,mid
259,734396,3,0,9,0,5,1,2,0.469167,0.461475,0.590417,0.164183,4760,good
260,734397,3,0,9,0,6,0,2,0.491667,0.478512,0.718333,0.189675,4511,good
261,734398,3,0,9,0,0,0,1,0.5075,0.490537,0.695,0.178483,4274,mid
262,734399,3,0,9,0,1,1,2,0.549167,0.529675,0.69,0.15174200000000002,4539,good
263,734400,3,0,9,0,2,1,2,0.561667,0.532217,0.88125,0.134954,3641,mid
264,734401,3,0,9,0,3,1,2,0.595,0.5505329999999999,0.9,0.0964042,4352,mid
265,734402,3,0,9,0,4,1,2,0.628333,0.554963,0.902083,0.128125,4795,good
266,734403,4,0,9,0,5,1,2,0.609167,0.522125,0.9725,0.0783667,2395,low
267,734404,4,0,9,0,6,0,2,0.606667,0.564412,0.8625,0.0783833,5423,good
268,734405,4,0,9,0,0,0,2,0.634167,0.572637,0.845,0.0503792,5010,good
269,734406,4,0,9,0,1,1,2,0.649167,0.589042,0.848333,0.1107,4630,good
270,734407,4,0,9,0,2,1,2,0.636667,0.574525,0.885417,0.118171,4120,mid
271,734408,4,0,9,0,3,1,2,0.635,0.575158,0.84875,0.14862899999999998,3907,mid
272,734409,4,0,9,0,4,1,1,0.616667,0.574512,0.699167,0.17288299999999998,4839,good
273,734410,4,0,9,0,5,1,1,0.564167,0.544829,0.6475,0.206475,5202,good
274,734411,4,0,10,0,6,0,2,0.41,0.412863,0.75375,0.292296,2429,low
275,734412,4,0,10,0,0,0,2,0.356667,0.345317,0.791667,0.222013,2918,mid
276,734413,4,0,10,0,1,1,2,0.384167,0.392046,0.760833,0.08334580000000001,3570,mid
277,734414,4,0,10,0,2,1,1,0.484167,0.472858,0.71,0.205854,4456,good
278,734415,4,0,10,0,3,1,1,0.538333,0.527138,0.647917,0.17725,4826,good
279,734416,4,0,10,0,4,1,1,0.494167,0.480425,0.620833,0.134954,4765,good
280,734417,4,0,10,0,5,1,1,0.510833,0.504404,0.684167,0.0223917,4985,good
281,734418,4,0,10,0,6,0,1,0.521667,0.513242,0.70125,0.0454042,5409,good
282,734419,4,0,10,0,0,0,1,0.540833,0.523983,0.7275,0.06345,5511,good
283,734420,4,0,10,1,1,0,1,0.570833,0.542925,0.73375,0.0423042,5117,good
284,734421,4,0,10,0,2,1,2,0.566667,0.546096,0.80875,0.143042,4563,good
285,734422,4,0,10,0,3,1,3,0.543333,0.517717,0.90625,0.24815,2416,low
286,734423,4,0,10,0,4,1,2,0.589167,0.551804,0.896667,0.141787,2913,mid
287,734424,4,0,10,0,5,1,2,0.550833,0.529675,0.71625,0.223883,3644,mid
288,734425,4,0,10,0,6,0,1,0.506667,0.498725,0.483333,0.258083,5217,good
289,734426,4,0,10,0,0,0,1,0.511667,0.503154,0.486667,0.281717,5041,good
290,734427,4,0,10,0,1,1,1,0.5341670000000001,0.510725,0.579583,0.175379,4570,good
291,734428,4,0,10,0,2,1,2,0.5325,0.522721,0.701667,0.110087,4748,good
292,734429,4,0,10,0,3,1,3,0.5417390000000001,0.513848,0.895217,0.243339,2424,low
293,734430,4,0,10,0,4,1,1,0.475833,0.466525,0.63625,0.422275,4195,mid
294,734431,4,0,10,0,5,1,1,0.4275,0.423596,0.574167,0.221396,4304,mid
295,734432,4,0,10,0,6,0,1,0.4225,0.425492,0.629167,0.0926667,4308,mid
296,734433,4,0,10,0,0,0,1,0.421667,0.422333,0.74125,0.0995125,4381,mid
297,734434,4,0,10,0,1,1,1,0.463333,0.457067,0.772083,0.118792,4187,mid
298,734435,4,0,10,0,2,1,1,0.471667,0.463375,0.622917,0.166658,4687,good
299,734436,4,0,10,0,3,1,2,0.484167,0.472846,0.720417,0.148642,3894,mid
300,734437,4,0,10,0,4,1,2,0.47,0.457046,0.812917,0.197763,2659,low
301,734438,4,0,10,0,5,1,2,0.330833,0.318812,0.585833,0.229479,3747,mid
302,734439,4,0,10,0,6,0,3,0.25416700000000003,0.227913,0.8825,0.351371,627,low
303,734440,4,0,10,0,0,0,1,0.31916700000000003,0.321329,0.62375,0.176617,3331,mid
304,734441,4,0,10,0,1,1,1,0.34,0.356063,0.703333,0.10635,3669,mid
305,734442,4,0,11,0,2,1,1,0.400833,0.397088,0.68375,0.135571,4068,mid
306,734443,4,0,11,0,3,1,1,0.3775,0.390133,0.71875,0.08209169999999999,4186,mid
307,734444,4,0,11,0,4,1,1,0.408333,0.405921,0.702083,0.136817,3974,mid
308,734445,4,0,11,0,5,1,2,0.403333,0.403392,0.6225,0.271779,4046,mid
309,734446,4,0,11,0,6,0,1,0.326667,0.323854,0.519167,0.189062,3926,mid
310,734447,4,0,11,0,0,0,1,0.348333,0.362358,0.734583,0.0920542,3649,mid
311,734448,4,0,11,0,1,1,1,0.395,0.400871,0.75875,0.057225,4035,mid
312,734449,4,0,11,0,2,1,1,0.408333,0.412246,0.7216670000000001,0.0690375,4205,mid
313,734450,4,0,11,0,3,1,1,0.4,0.409079,0.758333,0.06219580000000001,4109,mid
314,734451,4,0,11,0,4,1,2,0.38,0.373721,0.813333,0.189067,2933,mid
315,734452,4,0,11,1,5,0,1,0.324167,0.306817,0.44625,0.314675,3368,mid
316,734453,4,0,11,0,6,0,1,0.356667,0.357942,0.552917,0.212062,4067,mid
317,734454,4,0,11,0,0,0,1,0.440833,0.43055,0.458333,0.281721,3717,mid
318,734455,4,0,11,0,1,1,1,0.53,0.524612,0.587083,0.306596,4486,good
319,734456,4,0,11,0,2,1,2,0.53,0.507579,0.68875,0.199633,4195,mid
320,734457,4,0,11,0,3,1,3,0.456667,0.451988,0.93,0.136829,1817,low
321,734458,4,0,11,0,4,1,2,0.341667,0.323221,0.575833,0.305362,3053,mid
322,734459,4,0,11,0,5,1,1,0.274167,0.272721,0.41,0.168533,3392,mid
323,734460,4,0,11,0,6,0,1,0.329167,0.324483,0.502083,0.224496,3663,mid
324,734461,4,0,11,0,0,0,2,0.463333,0.457058,0.6845829999999999,0.18595,3520,mid
325,734462,4,0,11,0,1,1,3,0.4475,0.445062,0.91,0.138054,2765,mid
326,734463,4,0,11,0,2,1,3,0.416667,0.421696,0.9625,0.118792,1607,low
327,734464,4,0,11,0,3,1,2,0.440833,0.430537,0.757917,0.335825,2566,low
328,734465,4,0,11,1,4,0,1,0.373333,0.372471,0.549167,0.167304,1495,low
329,734466,4,0,11,0,5,1,1,0.375,0.380671,0.64375,0.0988958,2792,mid
330,734467,4,0,11,0,6,0,1,0.375833,0.385087,0.681667,0.0684208,3068,mid
331,734468,4,0,11,0,0,0,1,0.459167,0.4558,0.698333,0.208954,3071,mid
332,734469,4,0,11,0,1,1,1,0.503478,0.490122,0.743043,0.142122,3867,mid
333,734470,4,0,11,0,2,1,2,0.458333,0.451375,0.830833,0.258092,2914,mid
334,734471,4,0,11,0,3,1,1,0.325,0.311221,0.613333,0.271158,3613,mid
335,734472,4,0,12,0,4,1,1,0.3125,0.305554,0.524583,0.220158,3727,mid
336,734473,4,0,12,0,5,1,1,0.31416700000000003,0.331433,0.625833,0.100754,3940,mid
337,734474,4,0,12,0,6,0,1,0.299167,0.310604,0.612917,0.0957833,3614,mid
338,734475,4,0,12,0,0,0,1,0.330833,0.3491,0.775833,0.08395830000000001,3485,mid
339,734476,4,0,12,0,1,1,2,0.385833,0.393925,0.827083,0.062208300000000015,3811,mid
340,734477,4,0,12,0,2,1,3,0.4625,0.4564,0.949583,0.232583,2594,low
341,734478,4,0,12,0,3,1,3,0.41,0.400246,0.970417,0.266175,705,low
342,734479,4,0,12,0,4,1,1,0.265833,0.256938,0.58,0.240058,3322,mid
343,734480,4,0,12,0,5,1,1,0.290833,0.317542,0.695833,0.08271669999999999,3620,mid
344,734481,4,0,12,0,6,0,1,0.275,0.266412,0.5075,0.233221,3190,mid
345,734482,4,0,12,0,0,0,1,0.220833,0.253154,0.49,0.0665417,2743,mid
346,734483,4,0,12,0,1,1,1,0.238333,0.270196,0.670833,0.06345,3310,mid
347,734484,4,0,12,0,2,1,1,0.2825,0.301138,0.59,0.14055,3523,mid
348,734485,4,0,12,0,3,1,2,0.3175,0.338362,0.66375,0.060958300000000014,3740,mid
349,734486,4,0,12,0,4,1,2,0.4225,0.412237,0.634167,0.268042,3709,mid
350,734487,4,0,12,0,5,1,2,0.375,0.359825,0.500417,0.260575,3577,mid
351,734488,4,0,12,0,6,0,2,0.258333,0.249371,0.560833,0.243167,2739,mid
352,734489,4,0,12,0,0,0,1,0.238333,0.245579,0.58625,0.169779,2431,low
353,734490,4,0,12,0,1,1,1,0.276667,0.280933,0.6375,0.172896,3403,mid
354,734491,4,0,12,0,2,1,2,0.385833,0.396454,0.595417,0.061570800000000016,3750,mid
355,734492,1,0,12,0,3,1,2,0.428333,0.428017,0.858333,0.2214,2660,low
356,734493,1,0,12,0,4,1,2,0.423333,0.426121,0.7575,0.047275,3068,mid
357,734494,1,0,12,0,5,1,1,0.373333,0.377513,0.68625,0.274246,2209,low
358,734495,1,0,12,0,6,0,1,0.3025,0.299242,0.5425,0.190304,1011,low
359,734496,1,0,12,0,0,0,1,0.274783,0.279961,0.681304,0.155091,754,low
360,734497,1,0,12,1,1,0,1,0.321739,0.315535,0.506957,0.239465,1317,low
361,734498,1,0,12,0,2,1,2,0.325,0.327633,0.7625,0.18845,1162,low
362,734499,1,0,12,0,3,1,1,0.29913,0.279974,0.503913,0.29396100000000003,2302,low
363,734500,1,0,12,0,4,1,1,0.248333,0.263892,0.574167,0.119412,2423,low
364,734501,1,0,12,0,5,1,1,0.311667,0.318812,0.636667,0.13433699999999998,2999,mid
365,734502,1,0,12,0,6,0,1,0.41,0.414121,0.615833,0.220154,2485,low
366,734503,1,1,1,0,0,0,1,0.37,0.375621,0.6925,0.192167,2294,low
367,734504,1,1,1,1,1,0,1,0.273043,0.252304,0.381304,0.329665,1951,low
368,734505,1,1,1,0,2,1,1,0.15,0.126275,0.44125,0.365671,2236,low
369,734506,1,1,1,0,3,1,2,0.1075,0.11933699999999997,0.414583,0.1847,2368,low
370,734507,1,1,1,0,4,1,1,0.265833,0.278412,0.524167,0.129987,3272,mid
371,734508,1,1,1,0,5,1,1,0.334167,0.340267,0.542083,0.167908,4098,mid
372,734509,1,1,1,0,6,0,1,0.393333,0.390779,0.531667,0.174758,4521,good
373,734510,1,1,1,0,0,0,1,0.3375,0.340258,0.465,0.191542,3425,mid
374,734511,1,1,1,0,1,1,2,0.224167,0.247479,0.701667,0.0989,2376,low
375,734512,1,1,1,0,2,1,1,0.308696,0.318826,0.646522,0.187552,3598,mid
376,734513,1,1,1,0,3,1,2,0.274167,0.282821,0.8475,0.131221,2177,low
377,734514,1,1,1,0,4,1,2,0.3825,0.381938,0.802917,0.180967,4097,mid
378,734515,1,1,1,0,5,1,1,0.274167,0.249362,0.5075,0.378108,3214,mid
379,734516,1,1,1,0,6,0,1,0.18,0.183087,0.4575,0.187183,2493,low
380,734517,1,1,1,0,0,0,1,0.166667,0.161625,0.419167,0.251258,2311,low
381,734518,1,1,1,1,1,0,1,0.19,0.190663,0.5225,0.231358,2298,low
382,734519,1,1,1,0,2,1,2,0.373043,0.3642780000000001,0.716087,0.34913,2935,mid
383,734520,1,1,1,0,3,1,1,0.303333,0.275254,0.443333,0.415429,3376,mid
384,734521,1,1,1,0,4,1,1,0.19,0.190038,0.4975,0.220158,3292,mid
385,734522,1,1,1,0,5,1,2,0.2175,0.220958,0.45,0.20275,3163,mid
386,734523,1,1,1,0,6,0,2,0.173333,0.174875,0.83125,0.222642,1301,low
387,734524,1,1,1,0,0,0,2,0.1625,0.16225,0.79625,0.199638,1977,low
388,734525,1,1,1,0,1,1,2,0.218333,0.243058,0.91125,0.110708,2432,low
389,734526,1,1,1,0,2,1,1,0.3425,0.349108,0.835833,0.123767,4339,mid
390,734527,1,1,1,0,3,1,1,0.294167,0.294821,0.64375,0.161071,4270,mid
391,734528,1,1,1,0,4,1,2,0.341667,0.35605,0.769583,0.07339580000000001,4075,mid
392,734529,1,1,1,0,5,1,2,0.425,0.415383,0.74125,0.342667,3456,mid
393,734530,1,1,1,0,6,0,1,0.315833,0.326379,0.543333,0.210829,4023,mid
394,734531,1,1,1,0,0,0,1,0.2825,0.272721,0.31125,0.24005,3243,mid
395,734532,1,1,1,0,1,1,1,0.269167,0.262625,0.400833,0.215792,3624,mid
396,734533,1,1,1,0,2,1,1,0.39,0.381317,0.416667,0.261817,4509,good
397,734534,1,1,2,0,3,1,1,0.469167,0.466538,0.507917,0.189067,4579,good
398,734535,1,1,2,0,4,1,2,0.399167,0.398971,0.672917,0.187187,3761,mid
399,734536,1,1,2,0,5,1,1,0.313333,0.309346,0.526667,0.17849600000000002,4151,mid
400,734537,1,1,2,0,6,0,2,0.264167,0.272725,0.779583,0.121896,2832,mid
401,734538,1,1,2,0,0,0,2,0.265833,0.264521,0.687917,0.175996,2947,mid
402,734539,1,1,2,0,1,1,1,0.282609,0.296426,0.622174,0.1538,3784,mid
403,734540,1,1,2,0,2,1,1,0.354167,0.361104,0.49625,0.147379,4375,mid
404,734541,1,1,2,0,3,1,2,0.25666700000000003,0.266421,0.722917,0.133721,2802,mid
405,734542,1,1,2,0,4,1,1,0.265,0.261988,0.562083,0.194037,3830,mid
406,734543,1,1,2,0,5,1,2,0.280833,0.293558,0.54,0.116929,3831,mid
407,734544,1,1,2,0,6,0,3,0.224167,0.210867,0.73125,0.289796,2169,low
408,734545,1,1,2,0,0,0,1,0.1275,0.101658,0.464583,0.409212,1529,low
409,734546,1,1,2,0,1,1,1,0.2225,0.227913,0.41125,0.167283,3422,mid
410,734547,1,1,2,0,2,1,2,0.31916700000000003,0.333946,0.50875,0.141179,3922,mid
411,734548,1,1,2,0,3,1,1,0.348333,0.351629,0.53125,0.1816,4169,mid
412,734549,1,1,2,0,4,1,2,0.31666700000000003,0.330162,0.7529170000000001,0.091425,3005,mid
413,734550,1,1,2,0,5,1,1,0.343333,0.351629,0.634583,0.205846,4154,mid
414,734551,1,1,2,0,6,0,1,0.346667,0.355425,0.534583,0.190929,4318,mid
415,734552,1,1,2,0,0,0,2,0.28,0.265788,0.515833,0.253112,2689,low
416,734553,1,1,2,1,1,0,1,0.28,0.273391,0.507826,0.229083,3129,mid
417,734554,1,1,2,0,2,1,1,0.287826,0.295113,0.594348,0.205717,3777,mid
418,734555,1,1,2,0,3,1,1,0.395833,0.392667,0.567917,0.234471,4773,good
419,734556,1,1,2,0,4,1,1,0.454167,0.444446,0.554583,0.190913,5062,good
420,734557,1,1,2,0,5,1,2,0.4075,0.410971,0.7375,0.237567,3487,mid
421,734558,1,1,2,0,6,0,1,0.290833,0.255675,0.395833,0.421642,2732,mid
422,734559,1,1,2,0,0,0,1,0.279167,0.268308,0.41,0.205229,3389,mid
423,734560,1,1,2,0,1,1,1,0.366667,0.357954,0.490833,0.268033,4322,mid
424,734561,1,1,2,0,2,1,1,0.359167,0.353525,0.395833,0.193417,4363,mid
425,734562,1,1,2,0,3,1,2,0.344348,0.34847,0.804783,0.179117,1834,low
426,734563,1,1,3,0,4,1,1,0.485833,0.475371,0.615417,0.226987,4990,good
427,734564,1,1,3,0,5,1,2,0.353333,0.359842,0.657083,0.144904,3194,mid
428,734565,1,1,3,0,6,0,2,0.414167,0.413492,0.62125,0.161079,4066,mid
429,734566,1,1,3,0,0,0,1,0.325833,0.303021,0.403333,0.334571,3423,mid
430,734567,1,1,3,0,1,1,1,0.243333,0.241171,0.50625,0.228858,3333,mid
431,734568,1,1,3,0,2,1,1,0.258333,0.255042,0.456667,0.200875,3956,mid
432,734569,1,1,3,0,3,1,1,0.404167,0.3851,0.513333,0.345779,4916,good
433,734570,1,1,3,0,4,1,1,0.5275,0.524604,0.5675,0.441563,5382,good
434,734571,1,1,3,0,5,1,2,0.410833,0.397083,0.407083,0.4148,4569,good
435,734572,1,1,3,0,6,0,1,0.2875,0.277767,0.35041700000000003,0.22575,4118,mid
436,734573,1,1,3,0,0,0,1,0.361739,0.35967,0.476957,0.222587,4911,good
437,734574,1,1,3,0,1,1,1,0.466667,0.459592,0.489167,0.207713,5298,good
438,734575,1,1,3,0,2,1,1,0.565,0.542929,0.6175,0.23695,5847,good
439,734576,1,1,3,0,3,1,1,0.5725,0.548617,0.507083,0.11506199999999997,6312,very_good
440,734577,1,1,3,0,4,1,1,0.5575,0.532825,0.579583,0.149883,6192,very_good
441,734578,1,1,3,0,5,1,2,0.435833,0.436229,0.842083,0.113192,4378,mid
442,734579,1,1,3,0,6,0,2,0.514167,0.505046,0.755833,0.110704,7836,very_good
443,734580,1,1,3,0,0,0,2,0.4725,0.464,0.81,0.126883,5892,good
444,734581,1,1,3,0,1,1,1,0.545,0.532821,0.72875,0.16231700000000002,6153,very_good
445,734582,1,1,3,0,2,1,1,0.560833,0.538533,0.807917,0.121271,6093,good
446,734583,2,1,3,0,3,1,2,0.531667,0.513258,0.82125,0.08955830000000001,6230,very_good
447,734584,2,1,3,0,4,1,1,0.554167,0.531567,0.83125,0.117562,6871,very_good
448,734585,2,1,3,0,5,1,2,0.601667,0.570067,0.694167,0.1163,8362,very_good
449,734586,2,1,3,0,6,0,2,0.5025,0.486733,0.885417,0.192783,3372,mid
450,734587,2,1,3,0,0,0,2,0.4375,0.437488,0.880833,0.220775,4996,good
451,734588,2,1,3,0,1,1,1,0.445833,0.43875,0.477917,0.386821,5558,good
452,734589,2,1,3,0,2,1,1,0.323333,0.315654,0.29,0.187192,5102,good
453,734590,2,1,3,0,3,1,1,0.484167,0.47095,0.48125,0.291671,5698,good
454,734591,2,1,3,0,4,1,1,0.494167,0.482304,0.439167,0.31965,6133,very_good
455,734592,2,1,3,0,5,1,2,0.37,0.375621,0.580833,0.138067,5459,good
456,734593,2,1,3,0,6,0,2,0.424167,0.421708,0.738333,0.25061700000000003,6235,very_good
457,734594,2,1,4,0,0,0,2,0.425833,0.417287,0.67625,0.172267,6041,good
458,734595,2,1,4,0,1,1,1,0.433913,0.427513,0.5043479999999999,0.312139,5936,good
459,734596,2,1,4,0,2,1,1,0.466667,0.461483,0.396667,0.100133,6772,very_good
460,734597,2,1,4,0,3,1,1,0.541667,0.53345,0.469583,0.180975,6436,very_good
461,734598,2,1,4,0,4,1,1,0.435,0.431163,0.374167,0.219529,6457,very_good
462,734599,2,1,4,0,5,1,1,0.403333,0.390767,0.377083,0.300388,6460,very_good
463,734600,2,1,4,0,6,0,1,0.4375,0.426129,0.25416700000000003,0.274871,6857,very_good
464,734601,2,1,4,0,0,0,1,0.5,0.492425,0.275833,0.232596,5169,good
465,734602,2,1,4,0,1,1,1,0.489167,0.476638,0.3175,0.358196,5585,good
466,734603,2,1,4,0,2,1,1,0.446667,0.436233,0.435,0.249375,5918,good
467,734604,2,1,4,0,3,1,1,0.348696,0.337274,0.469565,0.295274,4862,good
468,734605,2,1,4,0,4,1,1,0.3975,0.387604,0.46625,0.290429,5409,good
469,734606,2,1,4,0,5,1,1,0.4425,0.431808,0.408333,0.155471,6398,very_good
470,734607,2,1,4,0,6,0,1,0.495,0.487996,0.5029170000000001,0.190917,7460,very_good
471,734608,2,1,4,0,0,0,1,0.606667,0.573875,0.507917,0.225129,7132,very_good
472,734609,2,1,4,1,1,0,1,0.664167,0.614925,0.561667,0.284829,6370,very_good
473,734610,2,1,4,0,2,1,1,0.608333,0.598487,0.390417,0.273629,6691,very_good
474,734611,2,1,4,0,3,1,2,0.463333,0.457038,0.569167,0.16791199999999998,4367,mid
475,734612,2,1,4,0,4,1,1,0.498333,0.493046,0.6125,0.0659292,6565,very_good
476,734613,2,1,4,0,5,1,1,0.526667,0.515775,0.694583,0.149871,7290,very_good
477,734614,2,1,4,0,6,0,1,0.57,0.542921,0.682917,0.283587,6624,very_good
478,734615,2,1,4,0,0,0,3,0.396667,0.389504,0.835417,0.344546,1027,low
479,734616,2,1,4,0,1,1,2,0.321667,0.301125,0.766667,0.303496,3214,mid
480,734617,2,1,4,0,2,1,1,0.413333,0.405283,0.454167,0.249383,5633,good
481,734618,2,1,4,0,3,1,1,0.476667,0.470317,0.427917,0.118792,6196,very_good
482,734619,2,1,4,0,4,1,2,0.498333,0.483583,0.756667,0.176625,5026,good
483,734620,2,1,4,0,5,1,1,0.4575,0.452637,0.400833,0.347633,6233,very_good
484,734621,2,1,4,0,6,0,2,0.376667,0.377504,0.489583,0.129975,4220,mid
485,734622,2,1,4,0,0,0,1,0.458333,0.450121,0.587083,0.116908,6304,very_good
486,734623,2,1,4,0,1,1,2,0.464167,0.457696,0.57,0.171638,5572,good
487,734624,2,1,5,0,2,1,2,0.613333,0.577021,0.659583,0.156096,5740,good
488,734625,2,1,5,0,3,1,1,0.564167,0.537896,0.797083,0.138058,6169,very_good
489,734626,2,1,5,0,4,1,2,0.56,0.537242,0.768333,0.133696,6421,very_good
490,734627,2,1,5,0,5,1,1,0.6275,0.590917,0.735417,0.162938,6296,very_good
491,734628,2,1,5,0,6,0,2,0.621667,0.584608,0.756667,0.15299200000000002,6883,very_good
492,734629,2,1,5,0,0,0,2,0.5625,0.546737,0.74,0.14987899999999998,6359,very_good
493,734630,2,1,5,0,1,1,2,0.5375,0.527142,0.664167,0.230721,6273,very_good
494,734631,2,1,5,0,2,1,2,0.581667,0.557471,0.685833,0.296029,5728,good
495,734632,2,1,5,0,3,1,2,0.575,0.553025,0.744167,0.216412,4717,good
496,734633,2,1,5,0,4,1,1,0.505833,0.491783,0.552083,0.31406300000000004,6572,very_good
497,734634,2,1,5,0,5,1,1,0.533333,0.520833,0.360417,0.236937,7030,very_good
498,734635,2,1,5,0,6,0,1,0.564167,0.544817,0.480417,0.123133,7429,very_good
499,734636,2,1,5,0,0,0,1,0.6125,0.585238,0.57625,0.225117,6118,very_good
500,734637,2,1,5,0,1,1,2,0.573333,0.5499,0.789583,0.212692,2843,mid
501,734638,2,1,5,0,2,1,2,0.611667,0.576404,0.794583,0.147392,5115,good
502,734639,2,1,5,0,3,1,1,0.636667,0.595975,0.697917,0.122512,7424,very_good
503,734640,2,1,5,0,4,1,1,0.593333,0.572613,0.52,0.229475,7384,very_good
504,734641,2,1,5,0,5,1,1,0.564167,0.551121,0.523333,0.136817,7639,very_good
505,734642,2,1,5,0,6,0,1,0.6,0.566908,0.45625,0.083975,8294,very_good
506,734643,2,1,5,0,0,0,1,0.620833,0.583967,0.530417,0.254367,7129,very_good
507,734644,2,1,5,0,1,1,2,0.598333,0.565667,0.81125,0.233204,4359,mid
508,734645,2,1,5,0,2,1,2,0.615,0.580825,0.765833,0.118167,6073,good
509,734646,2,1,5,0,3,1,2,0.621667,0.584612,0.774583,0.102,5260,good
510,734647,2,1,5,0,4,1,1,0.655,0.6067,0.716667,0.172896,6770,very_good
511,734648,2,1,5,0,5,1,1,0.68,0.627529,0.7470829999999999,0.14055,6734,very_good
512,734649,2,1,5,0,6,0,1,0.6925,0.642696,0.7325,0.198992,6536,very_good
513,734650,2,1,5,0,0,0,1,0.69,0.641425,0.697083,0.215171,6591,very_good
514,734651,2,1,5,1,1,0,1,0.7125,0.6793,0.67625,0.196521,6043,good
515,734652,2,1,5,0,2,1,1,0.7225,0.672992,0.6845829999999999,0.2954,5743,good
516,734653,2,1,5,0,3,1,2,0.656667,0.611129,0.67,0.134329,6855,very_good
517,734654,2,1,5,0,4,1,1,0.68,0.631329,0.492917,0.195279,7338,very_good
518,734655,2,1,6,0,5,1,2,0.654167,0.607962,0.755417,0.237563,4127,mid
519,734656,2,1,6,0,6,0,1,0.583333,0.566288,0.549167,0.186562,8120,very_good
520,734657,2,1,6,0,0,0,1,0.6025,0.575133,0.493333,0.184087,7641,very_good
521,734658,2,1,6,0,1,1,1,0.5975,0.578283,0.487083,0.284833,6998,very_good
522,734659,2,1,6,0,2,1,2,0.540833,0.525892,0.613333,0.209575,7001,very_good
523,734660,2,1,6,0,3,1,1,0.554167,0.542292,0.61125,0.077125,7055,very_good
524,734661,2,1,6,0,4,1,1,0.6025,0.569442,0.567083,0.15735,7494,very_good
525,734662,2,1,6,0,5,1,1,0.649167,0.597862,0.467917,0.17538299999999998,7736,very_good
526,734663,2,1,6,0,6,0,1,0.710833,0.648367,0.437083,0.144287,7498,very_good
527,734664,2,1,6,0,0,0,1,0.726667,0.663517,0.538333,0.133721,6598,very_good
528,734665,2,1,6,0,1,1,2,0.720833,0.659721,0.587917,0.207713,6664,very_good
529,734666,2,1,6,0,2,1,2,0.6533329999999999,0.597875,0.833333,0.214546,4972,good
530,734667,2,1,6,0,3,1,1,0.655833,0.611117,0.582083,0.343279,7421,very_good
531,734668,2,1,6,0,4,1,1,0.648333,0.624383,0.569583,0.253733,7363,very_good
532,734669,2,1,6,0,5,1,1,0.639167,0.599754,0.589583,0.176617,7665,very_good
533,734670,2,1,6,0,6,0,1,0.631667,0.594708,0.504167,0.166667,7702,very_good
534,734671,2,1,6,0,0,0,1,0.5925,0.571975,0.59875,0.144904,6978,very_good
535,734672,2,1,6,0,1,1,2,0.568333,0.544842,0.777917,0.174746,5099,good
536,734673,2,1,6,0,2,1,1,0.688333,0.654692,0.69,0.148017,6825,very_good
537,734674,2,1,6,0,3,1,1,0.7825,0.720975,0.592083,0.11381199999999997,6211,very_good
538,734675,3,1,6,0,4,1,1,0.805833,0.752542,0.567917,0.118787,5905,good
539,734676,3,1,6,0,5,1,1,0.7775,0.724121,0.57375,0.182842,5823,good
540,734677,3,1,6,0,6,0,1,0.731667,0.652792,0.534583,0.179721,7458,very_good
541,734678,3,1,6,0,0,0,1,0.743333,0.674254,0.479167,0.145525,6891,very_good
542,734679,3,1,6,0,1,1,1,0.7158329999999999,0.654042,0.504167,0.300383,6779,very_good
543,734680,3,1,6,0,2,1,1,0.630833,0.594704,0.373333,0.347642,7442,very_good
544,734681,3,1,6,0,3,1,1,0.6975,0.640792,0.36,0.271775,7335,very_good
545,734682,3,1,6,0,4,1,1,0.749167,0.675512,0.4225,0.17165,6879,very_good
546,734683,3,1,6,0,5,1,1,0.834167,0.786613,0.48875,0.165417,5463,good
547,734684,3,1,6,0,6,0,1,0.765,0.687508,0.60125,0.161071,5687,good
548,734685,3,1,7,0,0,0,1,0.815833,0.750629,0.51875,0.16852899999999998,5531,good
549,734686,3,1,7,0,1,1,1,0.781667,0.702038,0.447083,0.195267,6227,very_good
550,734687,3,1,7,0,2,1,1,0.780833,0.70265,0.492083,0.126237,6660,very_good
551,734688,3,1,7,1,3,0,1,0.789167,0.732337,0.53875,0.13495,7403,very_good
552,734689,3,1,7,0,4,1,1,0.8275,0.761367,0.457917,0.194029,6241,very_good
553,734690,3,1,7,0,5,1,1,0.828333,0.752533,0.450833,0.146142,6207,very_good
554,734691,3,1,7,0,6,0,1,0.861667,0.804913,0.492083,0.163554,4840,good
555,734692,3,1,7,0,0,0,1,0.8225,0.790396,0.57375,0.125629,4672,good
556,734693,3,1,7,0,1,1,2,0.710833,0.654054,0.683333,0.180975,6569,very_good
557,734694,3,1,7,0,2,1,2,0.720833,0.664796,0.6675,0.15173699999999998,6290,very_good
558,734695,3,1,7,0,3,1,1,0.716667,0.650271,0.633333,0.15173299999999998,7264,very_good
559,734696,3,1,7,0,4,1,1,0.7158329999999999,0.654683,0.529583,0.146775,7446,very_good
560,734697,3,1,7,0,5,1,2,0.731667,0.667933,0.485833,0.08085,7499,very_good
561,734698,3,1,7,0,6,0,2,0.703333,0.666042,0.699167,0.143679,6969,very_good
562,734699,3,1,7,0,0,0,1,0.745833,0.705196,0.717917,0.166667,6031,good
563,734700,3,1,7,0,1,1,1,0.763333,0.724125,0.645,0.164187,6830,very_good
564,734701,3,1,7,0,2,1,1,0.818333,0.755683,0.505833,0.114429,6786,very_good
565,734702,3,1,7,0,3,1,1,0.793333,0.745583,0.577083,0.137442,5713,good
566,734703,3,1,7,0,4,1,1,0.77,0.714642,0.600417,0.165429,6591,very_good
567,734704,3,1,7,0,5,1,2,0.665833,0.613025,0.844167,0.208967,5870,good
568,734705,3,1,7,0,6,0,3,0.595833,0.549912,0.865417,0.2133,4459,good
569,734706,3,1,7,0,0,0,2,0.6675,0.623125,0.7625,0.0939208,7410,very_good
570,734707,3,1,7,0,1,1,1,0.741667,0.690017,0.694167,0.138683,6966,very_good
571,734708,3,1,7,0,2,1,1,0.750833,0.70645,0.655,0.211454,7592,very_good
572,734709,3,1,7,0,3,1,1,0.724167,0.654054,0.45,0.1648,8173,very_good
573,734710,3,1,7,0,4,1,1,0.776667,0.739263,0.5966670000000001,0.28481300000000004,6861,very_good
574,734711,3,1,7,0,5,1,1,0.781667,0.734217,0.594583,0.15299200000000002,6904,very_good
575,734712,3,1,7,0,6,0,1,0.755833,0.697604,0.613333,0.15735,6685,very_good
576,734713,3,1,7,0,0,0,1,0.7216670000000001,0.667933,0.62375,0.170396,6597,very_good
577,734714,3,1,7,0,1,1,1,0.730833,0.684987,0.66875,0.153617,7105,very_good
578,734715,3,1,7,0,2,1,1,0.713333,0.662896,0.704167,0.165425,7216,very_good
579,734716,3,1,8,0,3,1,1,0.7175,0.667308,0.6775,0.141179,7580,very_good
580,734717,3,1,8,0,4,1,1,0.7525,0.707088,0.659583,0.129354,7261,very_good
581,734718,3,1,8,0,5,1,2,0.765833,0.722867,0.6425,0.215792,7175,very_good
582,734719,3,1,8,0,6,0,1,0.793333,0.751267,0.613333,0.257458,6824,very_good
583,734720,3,1,8,0,0,0,1,0.769167,0.731079,0.6525,0.290421,5464,good
584,734721,3,1,8,0,1,1,2,0.7525,0.710246,0.654167,0.129354,7013,very_good
585,734722,3,1,8,0,2,1,2,0.735833,0.697621,0.70375,0.116908,7273,very_good
586,734723,3,1,8,0,3,1,2,0.75,0.707717,0.672917,0.1107,7534,very_good
587,734724,3,1,8,0,4,1,1,0.755833,0.699508,0.620417,0.1561,7286,very_good
588,734725,3,1,8,0,5,1,2,0.7158329999999999,0.667942,0.7158329999999999,0.238813,5786,good
589,734726,3,1,8,0,6,0,2,0.6925,0.638267,0.732917,0.206479,6299,very_good
590,734727,3,1,8,0,0,0,1,0.700833,0.644579,0.530417,0.122512,6544,very_good
591,734728,3,1,8,0,1,1,1,0.720833,0.662254,0.545417,0.136212,6883,very_good
592,734729,3,1,8,0,2,1,1,0.726667,0.676779,0.686667,0.169158,6784,very_good
593,734730,3,1,8,0,3,1,1,0.706667,0.654037,0.619583,0.169771,7347,very_good
594,734731,3,1,8,0,4,1,1,0.719167,0.654688,0.519167,0.141796,7605,very_good
595,734732,3,1,8,0,5,1,1,0.723333,0.2424,0.570833,0.231354,7148,very_good
596,734733,3,1,8,0,6,0,1,0.678333,0.618071,0.603333,0.177867,7865,very_good
597,734734,3,1,8,0,0,0,2,0.635833,0.603554,0.711667,0.08645,4549,good
598,734735,3,1,8,0,1,1,2,0.635833,0.595967,0.734167,0.12997899999999998,6530,very_good
599,734736,3,1,8,0,2,1,1,0.649167,0.601025,0.67375,0.07277080000000001,7006,very_good
600,734737,3,1,8,0,3,1,1,0.6675,0.621854,0.677083,0.0702833,7375,very_good
601,734738,3,1,8,0,4,1,1,0.695833,0.637008,0.635833,0.08459580000000001,7765,very_good
602,734739,3,1,8,0,5,1,2,0.7025,0.6471,0.615,0.07214580000000001,7582,very_good
603,734740,3,1,8,0,6,0,2,0.661667,0.618696,0.712917,0.244408,6053,good
604,734741,3,1,8,0,0,0,2,0.6533329999999999,0.595996,0.845833,0.228858,5255,good
605,734742,3,1,8,0,1,1,1,0.703333,0.654688,0.730417,0.128733,6917,very_good
606,734743,3,1,8,0,2,1,1,0.728333,0.66605,0.62,0.190925,7040,very_good
607,734744,3,1,8,0,3,1,1,0.685,0.635733,0.552083,0.112562,7697,very_good
608,734745,3,1,8,0,4,1,1,0.706667,0.652779,0.590417,0.0771167,7713,very_good
609,734746,3,1,8,0,5,1,1,0.764167,0.6894,0.5875,0.168533,7350,very_good
610,734747,3,1,9,0,6,0,2,0.753333,0.702654,0.638333,0.113187,6140,very_good
611,734748,3,1,9,0,0,0,2,0.696667,0.649,0.815,0.06407080000000001,5810,good
612,734749,3,1,9,1,1,0,1,0.7075,0.661629,0.790833,0.151121,6034,good
613,734750,3,1,9,0,2,1,1,0.725833,0.686888,0.755,0.236321,6864,very_good
614,734751,3,1,9,0,3,1,1,0.736667,0.708983,0.74125,0.187808,7112,very_good
615,734752,3,1,9,0,4,1,2,0.696667,0.655329,0.810417,0.142421,6203,very_good
616,734753,3,1,9,0,5,1,1,0.703333,0.657204,0.73625,0.171646,7504,very_good
617,734754,3,1,9,0,6,0,2,0.6591670000000001,0.611121,0.799167,0.281104,5976,good
618,734755,3,1,9,0,0,0,1,0.61,0.578925,0.5475,0.224496,8227,very_good
619,734756,3,1,9,0,1,1,1,0.583333,0.565654,0.50375,0.258713,7525,very_good
620,734757,3,1,9,0,2,1,1,0.5775,0.554292,0.52,0.0920542,7767,very_good
621,734758,3,1,9,0,3,1,1,0.599167,0.570075,0.577083,0.131846,7870,very_good
622,734759,3,1,9,0,4,1,1,0.6125,0.579558,0.637083,0.08272080000000001,7804,very_good
623,734760,3,1,9,0,5,1,1,0.633333,0.594083,0.6725,0.103863,8009,very_good
624,734761,3,1,9,0,6,0,1,0.608333,0.585867,0.501667,0.247521,8714,very_good
625,734762,3,1,9,0,0,0,1,0.58,0.563125,0.57,0.0901833,7333,very_good
626,734763,3,1,9,0,1,1,2,0.580833,0.55305,0.734583,0.15174200000000002,6869,very_good
627,734764,3,1,9,0,2,1,2,0.623333,0.565067,0.8725,0.357587,4073,mid
628,734765,3,1,9,0,3,1,1,0.5525,0.540404,0.536667,0.215175,7591,very_good
629,734766,3,1,9,0,4,1,1,0.546667,0.532192,0.618333,0.118167,7720,very_good
630,734767,3,1,9,0,5,1,1,0.599167,0.571971,0.66875,0.154229,8167,very_good
631,734768,3,1,9,0,6,0,1,0.65,0.610488,0.646667,0.283583,8395,very_good
632,734769,4,1,9,0,0,0,1,0.529167,0.518933,0.467083,0.223258,7907,very_good
633,734770,4,1,9,0,1,1,1,0.514167,0.502513,0.492917,0.142404,7436,very_good
634,734771,4,1,9,0,2,1,1,0.55,0.544179,0.57,0.236321,7538,very_good
635,734772,4,1,9,0,3,1,1,0.635,0.5966130000000001,0.630833,0.2444,7733,very_good
636,734773,4,1,9,0,4,1,2,0.65,0.607975,0.690833,0.13434200000000002,7393,very_good
637,734774,4,1,9,0,5,1,2,0.619167,0.585863,0.69,0.164179,7415,very_good
638,734775,4,1,9,0,6,0,1,0.5425,0.530296,0.542917,0.227604,8555,very_good
639,734776,4,1,9,0,0,0,1,0.526667,0.517663,0.583333,0.134958,6889,very_good
640,734777,4,1,10,0,1,1,2,0.520833,0.512,0.649167,0.0908042,6778,very_good
641,734778,4,1,10,0,2,1,3,0.5908329999999999,0.542333,0.871667,0.104475,4639,good
642,734779,4,1,10,0,3,1,2,0.6575,0.599133,0.79375,0.0665458,7572,very_good
643,734780,4,1,10,0,4,1,2,0.6575,0.607975,0.722917,0.117546,7328,very_good
644,734781,4,1,10,0,5,1,1,0.615,0.580187,0.6275,0.10635,8156,very_good
645,734782,4,1,10,0,6,0,1,0.554167,0.538521,0.664167,0.268025,7965,very_good
646,734783,4,1,10,0,0,0,2,0.415833,0.419813,0.708333,0.14116199999999998,3510,mid
647,734784,4,1,10,1,1,0,2,0.383333,0.387608,0.709583,0.189679,5478,good
648,734785,4,1,10,0,2,1,2,0.446667,0.438112,0.761667,0.1903,6392,very_good
649,734786,4,1,10,0,3,1,1,0.514167,0.503142,0.630833,0.187821,7691,very_good
650,734787,4,1,10,0,4,1,1,0.435,0.431167,0.463333,0.181596,7570,very_good
651,734788,4,1,10,0,5,1,1,0.4375,0.433071,0.539167,0.235092,7282,very_good
652,734789,4,1,10,0,6,0,1,0.393333,0.391396,0.494583,0.146142,7109,very_good
653,734790,4,1,10,0,0,0,1,0.521667,0.508204,0.640417,0.278612,6639,very_good
654,734791,4,1,10,0,1,1,2,0.561667,0.53915,0.7075,0.296037,5875,good
655,734792,4,1,10,0,2,1,1,0.468333,0.460846,0.558333,0.182221,7534,very_good
656,734793,4,1,10,0,3,1,1,0.455833,0.450108,0.692917,0.101371,7461,very_good
657,734794,4,1,10,0,4,1,2,0.5225,0.512625,0.728333,0.236937,7509,very_good
658,734795,4,1,10,0,5,1,2,0.563333,0.537896,0.815,0.134954,5424,good
659,734796,4,1,10,0,6,0,1,0.484167,0.472842,0.572917,0.117537,8090,very_good
660,734797,4,1,10,0,0,0,1,0.464167,0.456429,0.51,0.166054,6824,very_good
661,734798,4,1,10,0,1,1,1,0.4875,0.482942,0.568333,0.08148330000000001,7058,very_good
662,734799,4,1,10,0,2,1,1,0.544167,0.530304,0.641667,0.0945458,7466,very_good
663,734800,4,1,10,0,3,1,1,0.5875,0.558721,0.63625,0.07277919999999999,7693,very_good
664,734801,4,1,10,0,4,1,2,0.55,0.529688,0.800417,0.124375,7359,very_good
665,734802,4,1,10,0,5,1,2,0.545833,0.52275,0.807083,0.132467,7444,very_good
666,734803,4,1,10,0,6,0,2,0.53,0.515133,0.72,0.235692,7852,very_good
667,734804,4,1,10,0,0,0,2,0.4775,0.467771,0.694583,0.398008,4459,good
668,734805,4,1,10,0,1,1,3,0.44,0.4394,0.88,0.3582,22,low
669,734806,4,1,10,0,2,1,2,0.318182,0.309909,0.8254549999999999,0.213009,1096,low
670,734807,4,1,10,0,3,1,2,0.3575,0.3611,0.666667,0.166667,5566,good
671,734808,4,1,11,0,4,1,2,0.365833,0.369942,0.581667,0.157346,5986,good
672,734809,4,1,11,0,5,1,1,0.355,0.356042,0.522083,0.266175,5847,good
673,734810,4,1,11,0,6,0,2,0.343333,0.323846,0.49125,0.270529,5138,good
674,734811,4,1,11,0,0,0,1,0.325833,0.329538,0.532917,0.179108,5107,good
675,734812,4,1,11,0,1,1,1,0.31916700000000003,0.308075,0.494167,0.236325,5259,good
676,734813,4,1,11,0,2,1,1,0.280833,0.281567,0.567083,0.173513,5686,good
677,734814,4,1,11,0,3,1,2,0.295833,0.274621,0.5475,0.304108,5035,good
678,734815,4,1,11,0,4,1,1,0.352174,0.341891,0.333478,0.347835,5315,good
679,734816,4,1,11,0,5,1,1,0.361667,0.35541300000000003,0.540833,0.214558,5992,good
680,734817,4,1,11,0,6,0,1,0.389167,0.393937,0.645417,0.05784580000000001,6536,very_good
681,734818,4,1,11,0,0,0,1,0.420833,0.421713,0.6591670000000001,0.1275,6852,very_good
682,734819,4,1,11,1,1,0,1,0.485,0.475383,0.741667,0.173517,6269,very_good
683,734820,4,1,11,0,2,1,2,0.343333,0.323225,0.662917,0.342046,4094,mid
684,734821,4,1,11,0,3,1,1,0.289167,0.281563,0.552083,0.199625,5495,good
685,734822,4,1,11,0,4,1,2,0.321667,0.324492,0.620417,0.15298699999999998,5445,good
686,734823,4,1,11,0,5,1,1,0.345,0.347204,0.524583,0.171025,5698,good
687,734824,4,1,11,0,6,0,1,0.325,0.326383,0.545417,0.179729,5629,good
688,734825,4,1,11,0,0,0,1,0.3425,0.337746,0.692917,0.227612,4669,good
689,734826,4,1,11,0,1,1,2,0.380833,0.375621,0.623333,0.235067,5499,good
690,734827,4,1,11,0,2,1,2,0.374167,0.380667,0.685,0.082725,5634,good
691,734828,4,1,11,0,3,1,1,0.353333,0.364892,0.61375,0.103246,5146,good
692,734829,4,1,11,1,4,0,1,0.34,0.350371,0.580417,0.05287080000000001,2425,low
693,734830,4,1,11,0,5,1,1,0.368333,0.378779,0.56875,0.148021,3910,mid
694,734831,4,1,11,0,6,0,1,0.278333,0.248742,0.404583,0.376871,2277,low
695,734832,4,1,11,0,0,0,1,0.245833,0.257583,0.468333,0.1505,2424,low
696,734833,4,1,11,0,1,1,1,0.313333,0.339004,0.535417,0.04665,5087,good
697,734834,4,1,11,0,2,1,2,0.291667,0.281558,0.786667,0.237562,3959,mid
698,734835,4,1,11,0,3,1,1,0.296667,0.289762,0.50625,0.210821,5260,good
699,734836,4,1,11,0,4,1,1,0.28087,0.298422,0.555652,0.115522,5323,good
700,734837,4,1,11,0,5,1,1,0.298333,0.323867,0.649583,0.05847080000000001,5668,good
701,734838,4,1,12,0,6,0,2,0.298333,0.316904,0.806667,0.059704199999999985,5191,good
702,734839,4,1,12,0,0,0,2,0.3475,0.359208,0.823333,0.124379,4649,good
703,734840,4,1,12,0,1,1,1,0.4525,0.455796,0.7675,0.08272080000000001,6234,very_good
704,734841,4,1,12,0,2,1,1,0.475833,0.469054,0.73375,0.174129,6606,very_good
705,734842,4,1,12,0,3,1,1,0.438333,0.428012,0.485,0.324021,5729,good
706,734843,4,1,12,0,4,1,1,0.255833,0.258204,0.50875,0.174754,5375,good
707,734844,4,1,12,0,5,1,2,0.320833,0.321958,0.764167,0.1306,5008,good
708,734845,4,1,12,0,6,0,2,0.381667,0.389508,0.91125,0.101379,5582,good
709,734846,4,1,12,0,0,0,2,0.384167,0.390146,0.905417,0.157975,3228,mid
710,734847,4,1,12,0,1,1,2,0.435833,0.435575,0.925,0.190308,5170,good
711,734848,4,1,12,0,2,1,2,0.353333,0.338363,0.5966670000000001,0.296037,5501,good
712,734849,4,1,12,0,3,1,2,0.2975,0.297338,0.538333,0.162937,5319,good
713,734850,4,1,12,0,4,1,1,0.295833,0.294188,0.485833,0.174129,5532,good
714,734851,4,1,12,0,5,1,1,0.281667,0.294192,0.642917,0.13122899999999998,5611,good
715,734852,4,1,12,0,6,0,1,0.324167,0.338383,0.650417,0.10635,5047,good
716,734853,4,1,12,0,0,0,2,0.3625,0.369938,0.83875,0.100742,3786,mid
717,734854,4,1,12,0,1,1,2,0.393333,0.4015,0.907083,0.0982583,4585,good
718,734855,4,1,12,0,2,1,1,0.410833,0.409708,0.66625,0.221404,5557,good
719,734856,4,1,12,0,3,1,1,0.3325,0.342162,0.625417,0.184092,5267,good
720,734857,4,1,12,0,4,1,2,0.33,0.335217,0.667917,0.132463,4128,mid
721,734858,1,1,12,0,5,1,2,0.326667,0.301767,0.556667,0.374383,3623,mid
722,734859,1,1,12,0,6,0,1,0.265833,0.236113,0.44125,0.407346,1749,low
723,734860,1,1,12,0,0,0,1,0.245833,0.259471,0.515417,0.13308299999999998,1787,low
724,734861,1,1,12,0,1,1,2,0.231304,0.2589,0.791304,0.07723039999999999,920,low
725,734862,1,1,12,1,2,0,2,0.291304,0.29446500000000003,0.734783,0.168726,1013,low
726,734863,1,1,12,0,3,1,3,0.243333,0.220333,0.823333,0.316546,441,low
727,734864,1,1,12,0,4,1,2,0.25416700000000003,0.226642,0.652917,0.350133,2114,low
728,734865,1,1,12,0,5,1,2,0.253333,0.255046,0.59,0.155471,3095,mid
729,734866,1,1,12,0,6,0,2,0.253333,0.2424,0.7529170000000001,0.124383,1341,low
730,734867,1,1,12,0,0,0,1,0.255833,0.2317,0.483333,0.350754,1796,low
731,734868,1,1,12,0,1,1,2,0.215833,0.223487,0.5775,0.154846,2729,mid
